{"cameraMode":{"drawMode":0,"name":"Shaded","section":"Shading Mode"},"sceneLighting":false,"audioPlay":false,"sceneViewState":{"m_AlwaysRefresh":false,"showFog":true,"showSkybox":false,"showFlares":true,"showImageEffects":true,"showParticleSystems":true,"showVisualEffectGraphs":true,"m_FxEnabled":true},"in2DMode":false,"pivot":{"x":0.4438578486442566,"y":-0.41891270875930788,"z":2.256478786468506},"rotation":{"x":-0.0824030190706253,"y":-0.018239464610815049,"z":0.0015079221921041608,"w":-0.9964364767074585},"size":3.0292775630950929,"orthographic":false}